id,class,before,after
imbalance_none,0,11567,11567
imbalance_none,1,2591,2591
imbalance_under_half,0,11567,5182
imbalance_under_half,1,2591,2591
imbalance_under_equal,0,11567,2591
imbalance_under_equal,1,2591,2591
imbalance_over_equal,0,11567,11567
imbalance_over_equal,1,2591,11567
imbalance_smotenc,0,11567,11567
imbalance_smotenc,1,2591,11567
imbalance_weighted,0,11567,11567
imbalance_weighted,1,2591,2591
imbalance_full_text,0,11567,11567
imbalance_full_text,1,2591,2591
imputation_mean,0,11567,11567
imputation_mean,1,2591,2591
imputation_median,0,11567,11567
imputation_median,1,2591,2591
imputation_knn,0,11567,11567
imputation_knn,1,2591,2591
imputation_iterative,0,11567,11567
imputation_iterative,1,2591,2591
