id,fold,average_precision,roc_auc,f1,precision,recall,accuracy,log_loss,brier
imbalance_none,1,0.5996113048882565,0.8773022206221747,0.5062413314840499,0.6403508771929824,0.41857798165137616,0.8491525423728814,0.32487690491368715,0.10371037561221666
imbalance_none,2,0.6018669240813531,0.8787700120110075,0.49368029739776953,0.6707070707070707,0.3905882352941176,0.8556897647806738,0.3185823441607021,0.10084437398657653
imbalance_none,3,0.6258284446430301,0.883918521064666,0.5312719606465214,0.6823104693140795,0.43498273878020716,0.8586564950201314,0.31500472594324636,0.09928832348652235
imbalance_under_half,1,0.5940983456130638,0.8768158485761697,0.5917641077783427,0.5315068493150685,0.6674311926605505,0.8298728813559322,0.3668182531881601,0.11725899087975976
imbalance_under_half,2,0.5970929526859281,0.8781767594605688,0.5823496346261945,0.5575888051668461,0.6094117647058823,0.8425513880059334,0.34495683627513374,0.10907699841884039
imbalance_under_half,3,0.6249057554482262,0.8844657988731638,0.6110812264658418,0.5737373737373738,0.6536248561565017,0.8467895740623014,0.3425787988371084,0.10803907181875103
imbalance_under_equal,1,0.5872326572513116,0.8754899483110492,0.580183048149622,0.44424131627056673,0.8360091743119266,0.7764830508474576,0.47323696759836914,0.15421335032761935
imbalance_under_equal,2,0.5914621546217962,0.8762358414547002,0.5975286849073257,0.4781073446327684,0.7964705882352942,0.806738715829625,0.4277772121049569,0.1376291731607455
imbalance_under_equal,3,0.6229878180198318,0.8846233168442604,0.5948457963667089,0.4699599465954606,0.810126582278481,0.7967789785971604,0.42977447874237307,0.13864457749736162
imbalance_over_equal,1,0.5940226173214485,0.8783339730874136,0.5829596412556054,0.4522454142947502,0.819954128440367,0.7832627118644068,0.45825265612376087,0.14861665569730337
imbalance_over_equal,2,0.5945281911364461,0.876987213598285,0.5874558303886925,0.47029702970297027,0.7823529411764706,0.8020767111676202,0.4267219578651806,0.13726295514676076
imbalance_over_equal,3,0.6201273980082505,0.884371048974041,0.5941599661447313,0.46987951807228917,0.807825086306099,0.7967789785971604,0.4267251462587591,0.1378489693470009
imbalance_smotenc,1,0.585547644026734,0.8717113262698125,0.5881310894596988,0.4790764790764791,0.7614678899082569,0.8029661016949152,0.4289626340783393,0.138385669746282
imbalance_smotenc,2,0.5906072009791858,0.8731427789518496,0.5814167433302668,0.4773413897280967,0.7435294117647059,0.8071625344352618,0.4125576905092329,0.1322149388006208
imbalance_smotenc,3,0.6023954413864258,0.8751094705064785,0.5945945945945946,0.48852701702442636,0.759493670886076,0.8092816274634457,0.4133736127794681,0.13228004790944117
imbalance_weighted,1,0.5949162784565617,0.878252911079746,0.5811688311688312,0.44974874371859297,0.8211009174311926,0.7813559322033898,0.46166882493048705,0.14973851977901328
imbalance_weighted,2,0.5959891752158372,0.8782524744195946,0.591747146619842,0.47198879551820727,0.7929411764705883,0.8029243483788938,0.42686612445436345,0.1373403066515338
imbalance_weighted,3,0.6215647486101886,0.8853475408366087,0.5928753180661578,0.4694425789120215,0.8043728423475259,0.7965670692943421,0.4255804411140456,0.13734157931327226
imbalance_full_text,1,0.7730499441422818,0.9385770518224648,0.6241234221598878,0.8032490974729242,0.5103211009174312,0.8864406779661017,0.2587159996577859,0.07839168563697656
imbalance_full_text,2,0.7817550620630048,0.9422167150654523,0.625920471281296,0.8366141732283464,0.5,0.892350074168256,0.24982811414979633,0.07529706152946974
imbalance_full_text,3,0.7601811112633227,0.9356830511260892,0.6164772727272727,0.8051948051948052,0.4994246260069045,0.8855689764780674,0.260570988386327,0.07956305914423656
imputation_mean,1,0.5904198290807394,0.8738886756375289,0.49025069637883006,0.624113475177305,0.4036697247706422,0.8449152542372881,0.3284606787787389,0.10504976435748302
imputation_mean,2,0.6022445511848221,0.8784036002615054,0.49962714392244595,0.6822810590631364,0.3941176470588235,0.8578088578088578,0.3185643240802797,0.10094088965299344
imputation_mean,3,0.6169827459787878,0.8818450824204564,0.5134751773049645,0.6691312384473198,0.41657077100115075,0.8546302182665819,0.3175487852493209,0.10044842623942161
imputation_median,1,0.5904578397974591,0.8739539424745846,0.4926727145847872,0.6292335115864528,0.4048165137614679,0.8459745762711864,0.3284281824319029,0.10503197099400356
imputation_median,2,0.6018558144819195,0.8781867939732108,0.5011185682326622,0.6843177189409368,0.3952941176470588,0.8582326764144946,0.3188000239072274,0.10100477207739221
imputation_median,3,0.6172708044530478,0.8819057582233647,0.5142045454545454,0.6716141001855288,0.41657077100115075,0.8550540368722187,0.3175440702337224,0.10044241344289107
imputation_knn,1,0.5926552497232818,0.874074939441912,0.49303621169916434,0.6276595744680851,0.4059633027522936,0.8457627118644068,0.3281309240972133,0.1048910189672381
imputation_knn,2,0.6025028083000178,0.8781241542882336,0.49701492537313435,0.6795918367346939,0.39176470588235296,0.8571731299004026,0.318788063681348,0.1009762386215908
imputation_knn,3,0.6168344147860161,0.8819479025002614,0.5148936170212766,0.6709796672828097,0.4177215189873418,0.8550540368722187,0.31742167399905963,0.10044633521635261
imputation_iterative,1,0.5938029093195882,0.8753829583818116,0.49194113524877364,0.6324324324324324,0.4025229357798165,0.8463983050847458,0.32693786138977027,0.10439599956518811
imputation_iterative,2,0.6011122802208962,0.8785598953978075,0.4906507105459985,0.6735112936344969,0.38588235294117645,0.8556897647806738,0.3187553467723906,0.10098396594440584
imputation_iterative,3,0.6200979477866263,0.8824371945660782,0.5170454545454546,0.6753246753246753,0.4188722669735328,0.8559016740834923,0.31667901115911135,0.10012932582658943
